{
  "creds": {
    "noiseKey": {
      "private": {
        "type": "Buffer",
        "data": "oPa+VaMxfO0cbmoe+0KvMGZ2pbrGluj+XpVVEqjQAGY="
      },
      "public": {
        "type": "Buffer",
        "data": "y85INhNzH4Ie2UhsI1laeuG05aLNA8DKDl4YVk0xGQY="
      }
    },
    "signedIdentityKey": {
      "private": {
        "type": "Buffer",
        "data": "qAnDIFtPGhKETfWeDwiVTxzBq2ir0MBaCGc7S9saxUM="
      },
      "public": {
        "type": "Buffer",
        "data": "D5LGjsYXVP5u7w6Ggp1ZW/5xLG06pmKLKMVKsM/2VnY="
      }
    },
    "signedPreKey": {
      "keyPair": {
        "private": {
          "type": "Buffer",
          "data": "qFoLSprsFc5zFfbjHB8BfPhRbDhZ/BFCb/iaBGqnnFQ="
        },
        "public": {
          "type": "Buffer",
          "data": "QCONk7T+F5onEafZQ6vRcm6+Wq6SWNccMb+J/N/nnjs="
        }
      },
      "signature": {
        "type": "Buffer",
        "data": "53fpRvCNL/k6mktZOBdL/BebgyP1zTBzJHMd2C0kl6R6DNt5ZJqxCzqyI2xAMM/Uhb11U0+FFd2nqg5DETQphA=="
      },
      "keyId": 1
    },
    "registrationId": 185,
    "advSecretKey": "2USfFwXAAA0tK5ANy3si1FOuaBJ9FKfPevG3JqxkRyM=",
    "nextPreKeyId": 31,
    "firstUnuploadedPreKeyId": 31,
    "serverHasPreKeys": true,
    "account": {
      "details": "COXpvaUGEIf2i54GGA8=",
      "accountSignatureKey": "nFWX7wkzPq+TXJWkEFlb0RQqQQclmxURjvOJvDREPg0=",
      "accountSignature": "d27URsKn9L7RXHjX/5qmrLIdXZo4iI+UIjg68ij2Qqn9uFinmdHjyPX+qt9Vfuw21EoJx0j112g3di1xo8RFCg==",
      "deviceSignature": "BGD3rog4rH9RSsOe5tMF3hHZMaN+2gbd8WPM+2S5MtT7ajxRc140NKkOJ3AY2gG+JgIJzR0bYTqetEIbTfbTgg=="
    },
    "me": {
      "id": "601123031838:17@s.whatsapp.net",
      "verifiedName": "",
      "name": "KvRiel Assistant"
    },
    "signalIdentities": [
      {
        "identifier": {
          "name": "601123031838:17@s.whatsapp.net",
          "deviceId": 0
        },
        "identifierKey": {
          "type": "Buffer",
          "data": "BZxVl+8JMz6vk1yVpBBZW9EUKkEHJZsVEY7zibw0RD4N"
        }
      }
    ],
    "lastAccountSyncTimestamp": 1673722634,
    "myAppStateKeyId": "AAAAABtO"
  },
  "keys": {
    "preKeys": {
      "1": {
        "private": {
          "type": "Buffer",
          "data": "uKR7L6T4+eEVdMhHJFra5skQ9bKzimSnLopYWeqJPGI="
        },
        "public": {
          "type": "Buffer",
          "data": "iVbf0XRLIGqsmMrwZh9UjgtoF8fut1j+OQxAuFbAEEg="
        }
      },
      "2": {
        "private": {
          "type": "Buffer",
          "data": "aEnH6UH5k3WncY77526IHM26JlYjtsre3UH+aoaBGHY="
        },
        "public": {
          "type": "Buffer",
          "data": "jGq8WXmVKeornx0nuSFdAAOq6mZyM+XTNG7CtQ2EFBw="
        }
      },
      "3": {
        "private": {
          "type": "Buffer",
          "data": "MCm+4NeAoz0KXi4+n1BlL13G2EsGte2NssBL0bd0j2U="
        },
        "public": {
          "type": "Buffer",
          "data": "0tCWLhkQ9eHLqJ8u5nETaXho6dn7//bXcwotDtw8MyA="
        }
      },
      "4": {
        "private": {
          "type": "Buffer",
          "data": "wAG4/p1ggJq1e8jCHzW5JoO3CRfwyv/xlmWXd/X1PGk="
        },
        "public": {
          "type": "Buffer",
          "data": "aXnqwJU2c/tDC93QvWludAQaKgUIRFRY0yixn4BbiXQ="
        }
      },
      "5": null,
      "6": {
        "private": {
          "type": "Buffer",
          "data": "sBhr4F3khWYalBN/OjPl8Mot1/OV7PYJP3bkqtKFYXQ="
        },
        "public": {
          "type": "Buffer",
          "data": "oFZkiigvYMIemNEYmgaWnbaEtQDM7/614oR7Ls4LUFs="
        }
      },
      "7": {
        "private": {
          "type": "Buffer",
          "data": "EJMzSkswAkNyjohJW3y7qEr7J132xUOGHWczvUphtU8="
        },
        "public": {
          "type": "Buffer",
          "data": "y7UqRAXbZskPM/LIJD13QPVlY8/aiMqvbSz9+iSc1k0="
        }
      },
      "8": {
        "private": {
          "type": "Buffer",
          "data": "eNWItf7wB7oBfKSulrrJpzDtXn+VvH+huZnE+bh6kVs="
        },
        "public": {
          "type": "Buffer",
          "data": "+iOZfBu9cqq73gIvTpyy9WbCMHg+idFmgBlRzy2PpHE="
        }
      },
      "9": {
        "private": {
          "type": "Buffer",
          "data": "yBd57FfLFmaJxo2pYcG9Baa12lPKnGi3jwjdLhj1v3c="
        },
        "public": {
          "type": "Buffer",
          "data": "KpnIDfUIfoAJ3fPJVgQiOHcsqklDMT8cQBCKZFigPFM="
        }
      },
      "10": {
        "private": {
          "type": "Buffer",
          "data": "gLc7b5V9rSH5e6oEwVRDDtsupkSGoIOB2aHCk1NlonI="
        },
        "public": {
          "type": "Buffer",
          "data": "a8ulmSUVEu+m+D6lXGqc1tcFRHlJZdxKTCY7r3lt8hI="
        }
      },
      "11": {
        "private": {
          "type": "Buffer",
          "data": "cOQE+rPhcBpXMk7DgRkDRkAoOF++0ZzXpNxscc8rzk4="
        },
        "public": {
          "type": "Buffer",
          "data": "R2+Y2WIFQezKctOV1ZHUdEeaIarak0QmIBFAO9KyDFM="
        }
      },
      "12": {
        "private": {
          "type": "Buffer",
          "data": "YMTldLWgTm/LC+6rcai0Vkd3wHcq+jhcJf1nMfLmbWc="
        },
        "public": {
          "type": "Buffer",
          "data": "KMoye2cY8xvRfIxKI7WUVa/BlSIhJT2FxXmgAQyjy0o="
        }
      },
      "13": {
        "private": {
          "type": "Buffer",
          "data": "QFGZntW/d/tcWN0VztiJJ2ADPJWqhSw8WxsL8Zc8vnc="
        },
        "public": {
          "type": "Buffer",
          "data": "je0Hq252WG3T7qsdSojbGBOpYwtj4u19JH5P507I3AY="
        }
      },
      "14": {
        "private": {
          "type": "Buffer",
          "data": "AI+aTKqmosnT6EKHOZJlPuG44GHB7cqQXxcpz5VmJUE="
        },
        "public": {
          "type": "Buffer",
          "data": "3af47nmK1mkk6G0oc3Axztx8HM9x+EbWRDcBy6oMpiU="
        }
      },
      "15": {
        "private": {
          "type": "Buffer",
          "data": "2IAr44YQe5jumy6UjsiP/Fqpr4CJJAVlwC6Dl7dflXs="
        },
        "public": {
          "type": "Buffer",
          "data": "w09tZ3Ww0PxByNE6WbsJl/5TZmC8aEC5gvkHoXcGz30="
        }
      },
      "16": {
        "private": {
          "type": "Buffer",
          "data": "CAYpNkkoAPPyL1viVbNFakwyvClQpLit5LAa+i/ghHM="
        },
        "public": {
          "type": "Buffer",
          "data": "OH/07xg00KAEOOzF0cLu++e6CziXn9ep5ByB/yQuB34="
        }
      },
      "17": {
        "private": {
          "type": "Buffer",
          "data": "YHM25s6TYKgaOPOSPq0w+1fZDEvbl6afwGc1NsL/oHk="
        },
        "public": {
          "type": "Buffer",
          "data": "qzajwbIeZ4uF/rnJMd0/jAalwXDNkDOGI5mmsldSuRs="
        }
      },
      "18": {
        "private": {
          "type": "Buffer",
          "data": "mGIMHLYUD8JPYBIDUG3GinO36G1HGq8e30NXFt7LxkE="
        },
        "public": {
          "type": "Buffer",
          "data": "b21cQNYJbD2bCPHF7Ibz4HAKAUzVKkx5aN2ghcwdpC0="
        }
      },
      "19": {
        "private": {
          "type": "Buffer",
          "data": "kOgL3D1/1VJjvgME4sYxSwYpvFnWV0duRH1VInwTtl8="
        },
        "public": {
          "type": "Buffer",
          "data": "tNIIiW+JpM7DWzIn8bBLHdGR+in1lBuRjXkK4s+MtQ4="
        }
      },
      "20": {
        "private": {
          "type": "Buffer",
          "data": "wIpxX2wZnMggXBFo/9XYShg8urc90dZtjqx4DN6MD10="
        },
        "public": {
          "type": "Buffer",
          "data": "JW/bsINscDFvIt43IpO7UzsNpWKeXcSIZtx8mDVz2Uo="
        }
      },
      "21": {
        "private": {
          "type": "Buffer",
          "data": "qJu7dGvxf6A8aJGBxHkV+XOIVn6UfE6eFcM09EeIE0E="
        },
        "public": {
          "type": "Buffer",
          "data": "I1+fV6+2c8hkEisMDqLMvhCZF3W8McJNSjLCOBwHPis="
        }
      },
      "22": {
        "private": {
          "type": "Buffer",
          "data": "qAzDCdnjTMwwhC4Fl1/LBZWxR31FI0BbeW/Yxy+741k="
        },
        "public": {
          "type": "Buffer",
          "data": "n1KG5YfDmLrU2AwJIJdF4Mdrk68rzzrBTGvKLrXi+y4="
        }
      },
      "23": {
        "private": {
          "type": "Buffer",
          "data": "WDd/hrsoXdwxeMxndhO0tBB8VADvyP8UhTHGsgBR/Vo="
        },
        "public": {
          "type": "Buffer",
          "data": "3ZR5O+EtmIpJdLnomkVuAw5/rJ7tyeYJOYXU7FRkrl0="
        }
      },
      "24": {
        "private": {
          "type": "Buffer",
          "data": "MDGk9caKTfwwq4CwFgHtojh9w7nEmviEPCLiGdmuoUQ="
        },
        "public": {
          "type": "Buffer",
          "data": "KX04A+4PgzUwjW5q5xBTdkJIYzeuNH97sS2rk9NSDhU="
        }
      },
      "25": {
        "private": {
          "type": "Buffer",
          "data": "wDv8eXJ9YrpagG9blNGuYQni4/tI37sGOIpbrNrVqWw="
        },
        "public": {
          "type": "Buffer",
          "data": "+6tmWCw3X3agmEx48vGzxc9Y1zorcnyp1Gn6vgLQNhU="
        }
      },
      "26": {
        "private": {
          "type": "Buffer",
          "data": "uFP1g3CXZnybjQJxPPNajgEvJD8Av/qPNN11jWChvUU="
        },
        "public": {
          "type": "Buffer",
          "data": "5O2n/BJmOLCAXGJ1l7MFnnf0uBIH5m94v4NXuFyNPmw="
        }
      },
      "27": {
        "private": {
          "type": "Buffer",
          "data": "ID/0Mju5dsQ87ovHJnKGn2XlJnn8JZbNJw2hVj9Qdk4="
        },
        "public": {
          "type": "Buffer",
          "data": "RV6WYZAS+6Fg0RaBIWSgXrYIvqjJwxYmCLxaepQ+AQE="
        }
      },
      "28": {
        "private": {
          "type": "Buffer",
          "data": "MJACAS9dXhVLlJbqfmLvI3T9gNPF2eqD3wWh9b4wel8="
        },
        "public": {
          "type": "Buffer",
          "data": "EDxeR5RYsWXLUTyHwH/wEeL5DYEpQjGWqGwOcQw/Y1I="
        }
      },
      "29": {
        "private": {
          "type": "Buffer",
          "data": "CPvkArxWOOrxEMJqXOrz07UQSKOgy1L+BO8c/X+pv3g="
        },
        "public": {
          "type": "Buffer",
          "data": "NU0K8zwtVYeRhAFAMU1tOlC4v34/v9458uYsVZQI31g="
        }
      },
      "30": {
        "private": {
          "type": "Buffer",
          "data": "yKW6sdVyvdfLU5MjYAcP6TYU4tI0Iqn1PrM0khDIP1c="
        },
        "public": {
          "type": "Buffer",
          "data": "Aq76puocxEAH+5FIAmIO2Aq2pIU2VJae8drrpQ0MFTU="
        }
      }
    },
    "sessions": {
      "601123031838.0": {
        "_sessions": {
          "BVyS/Gi00JoXq9gZMxB9qPEdTARnRgFWjjkOjiMbFotH": {
            "registrationId": 2027669350,
            "currentRatchet": {
              "ephemeralKeyPair": {
                "pubKey": "Bb4pfNxX0SGXA2dDbfnnRmH5Z5zRMFNbOVlCsElVKbBq",
                "privKey": "gO2hyHyA85AYdf/DWZ6mzIb/ManxSEAA3KFVjZgDbUU="
              },
              "lastRemoteEphemeralKey": "BeTBku/6D8QYqelBZNKcF8dgu23ObOV6xXBGPTDw8fVl",
              "previousCounter": 0,
              "rootKey": "j+Qgg66laeeoWWkW6/s7irdJSNtlN26uZtfbNF00k8g="
            },
            "indexInfo": {
              "baseKey": "BVyS/Gi00JoXq9gZMxB9qPEdTARnRgFWjjkOjiMbFotH",
              "baseKeyType": 2,
              "closed": -1,
              "used": 1673722635683,
              "created": 1673722635683,
              "remoteIdentityKey": "BZxVl+8JMz6vk1yVpBBZW9EUKkEHJZsVEY7zibw0RD4N"
            },
            "_chains": {
              "BeTBku/6D8QYqelBZNKcF8dgu23ObOV6xXBGPTDw8fVl": {
                "chainKey": {
                  "counter": 5,
                  "key": "iEYQoCOydfkmykdhWB0qUOPNbAX+hdwbhtUWZaxIrRw="
                },
                "chainType": 2,
                "messageKeys": {}
              },
              "Bb4pfNxX0SGXA2dDbfnnRmH5Z5zRMFNbOVlCsElVKbBq": {
                "chainKey": {
                  "counter": -1,
                  "key": "s2BoQX3Gcigtp/uw+nrigF30t3lqCGtfpJQHfbeDaFY="
                },
                "chainType": 1,
                "messageKeys": {}
              }
            }
          }
        },
        "version": "v1"
      }
    },
    "appStateSyncKeys": {
      "AAAAABtN": {
        "keyData": "9YYUR3VD+Qr7ff91I5FzMQr8oq2Lg5pbsqGbxw2+Pl0=",
        "fingerprint": {
          "rawId": 1689220323,
          "currentIndex": 1,
          "deviceIndexes": [
            0,
            1
          ]
        },
        "timestamp": "0"
      },
      "AAAAABtP": {
        "keyData": "TRXZgOaIasOIvhAQCOZ/m6HybzhFqQMMYHOxZNHGIPc=",
        "fingerprint": {
          "rawId": 1689220325,
          "currentIndex": 2,
          "deviceIndexes": [
            0,
            1,
            2
          ]
        },
        "timestamp": "1671078828109"
      },
      "AAAAABta": {
        "keyData": "skLIQUEX6bV5ywh/+bKVB5QPNZkshgGbuhu4LOe54RE=",
        "fingerprint": {
          "rawId": 1689220325,
          "currentIndex": 14,
          "deviceIndexes": [
            0,
            13,
            14,
            7
          ]
        },
        "timestamp": "1673722577105"
      },
      "AAAAABtY": {
        "keyData": "4Mu7kly7oxRofDF1z9eX3+/FYwECGsMyWI9vZCoaTak=",
        "fingerprint": {
          "rawId": 1689220325,
          "currentIndex": 12,
          "deviceIndexes": [
            11,
            0,
            7,
            6
          ]
        },
        "timestamp": "1671356416551"
      },
      "AAAAABtW": {
        "keyData": "0qnnahbtvcw4bmTUYjMdV3R1QRtL9l7TfmPUzM8fTL4=",
        "fingerprint": {
          "rawId": 1689220325,
          "currentIndex": 10,
          "deviceIndexes": [
            0,
            10,
            7,
            6
          ]
        },
        "timestamp": "1671289261019"
      },
      "AAAAABtT": {
        "keyData": "UkH9GYtRyTXfKTaJ6laaO5IfHRsFD1v0dVkv/PSSw7Q=",
        "fingerprint": {
          "rawId": 1689220325,
          "currentIndex": 6,
          "deviceIndexes": [
            0,
            3,
            6
          ]
        },
        "timestamp": "1671105850944"
      },
      "AAAAABtU": {
        "keyData": "gD/VbpyS+cnxCtfgOSMtGX3A8JPHIRWcbBtSS0bYYe8=",
        "fingerprint": {
          "rawId": 1689220325,
          "currentIndex": 8,
          "deviceIndexes": [
            8,
            0,
            7,
            6
          ]
        },
        "timestamp": "1671282838131"
      },
      "AAAAABtQ": {
        "keyData": "HjzcThWMGRtZhLKANFdj/QVcwzqyf55lAQN5pmADVdw=",
        "fingerprint": {
          "rawId": 1689220325,
          "currentIndex": 4,
          "deviceIndexes": [
            0,
            3,
            4,
            2
          ]
        },
        "timestamp": "1671097491305"
      },
      "AAAAABtV": {
        "keyData": "RcveEKSAOJudV09k/MhBlDAgKlafWZcIBlT7TasZgUA=",
        "fingerprint": {
          "rawId": 1689220325,
          "currentIndex": 9,
          "deviceIndexes": [
            0,
            9,
            7,
            6
          ]
        },
        "timestamp": "1671288730168"
      },
      "AAAAABtR": {
        "keyData": "0Jqi82Ni0CdLyhbVSqLna5YXAP85zpsDDOTiCGNZkHY=",
        "fingerprint": {
          "rawId": 1689220325,
          "currentIndex": 4,
          "deviceIndexes": [
            0,
            3,
            4
          ]
        },
        "timestamp": "1671097496638"
      },
      "AAAAABtS": {
        "keyData": "oHtvL6TA77qHDHRJBLi5M7eoGZSG809cvgs9i09Skuw=",
        "fingerprint": {
          "rawId": 1689220325,
          "currentIndex": 6,
          "deviceIndexes": [
            0,
            5,
            3,
            6
          ]
        },
        "timestamp": "1671105842396"
      },
      "AAAAABtX": {
        "keyData": "fGmaracfXY3c3Lx1eIF/SranoAzCtx3WkgGdV9rR7BA=",
        "fingerprint": {
          "rawId": 1689220325,
          "currentIndex": 12,
          "deviceIndexes": [
            11,
            0,
            12,
            7,
            6
          ]
        },
        "timestamp": "0"
      },
      "AAAAABtZ": {
        "keyData": "1iAcgcanpjg2hAyZ6bJ0Cx1aX5QGpo0HGx5x7SSN7j0=",
        "fingerprint": {
          "rawId": 1689220325,
          "currentIndex": 12,
          "deviceIndexes": [
            0,
            7,
            6
          ]
        },
        "timestamp": "0"
      },
      "AAAAABtO": {
        "keyData": "kW8fIof6kVm1GDLjD53oqmqAO4wIVm7s3okXOyE6lQo=",
        "fingerprint": {
          "rawId": 1689220324,
          "currentIndex": 1,
          "deviceIndexes": [
            0,
            1
          ]
        },
        "timestamp": "1671065842020"
      }
    }
  }
}